AgingDays,Amount
0 - 3 days,9090.7572
4 - 10 days,11698.35162
11 - 15 days,7646.65517
16 - 30 days,11586.80679
31 - 90 days,12456.65452
91 - 201 days,2378.69414
202+ Days,2427.05086
