AgingDays,Amount
0 - 3 days,9035.06978
4 - 10 days,11195.0128
11 - 15 days,8767.39698
16 - 30 days,10344.8056
31 - 90 days,12196.52219
91 - 201 days,2361.28009
202+ Days,2390.8252
