AgingDays,Amount
0 - 3 days,9398.55107
4 - 10 days,12969.78728
11 - 15 days,5538.88074
16 - 30 days,13410.8319
31 - 90 days,12161.07368
91 - 201 days,2384.52792
202+ Days,2489.97976
