AgingDays,Amount
0 - 3 days,10493.98629
4 - 10 days,12385.12292
11 - 15 days,5889.78132
16 - 30 days,12921.27873
31 - 90 days,12731.79223
91 - 201 days,2422.9625
202+ Days,2430.3128
